{"schemaVersion":"1.0","appDefinitionTemplate":{"id":"/providers/Microsoft.PowerApps/apps/","type":"Microsoft.PowerApps/apps","tags":{"primaryDeviceWidth":"1366","primaryDeviceHeight":"768","supportsPortrait":"true","supportsLandscape":"true","primaryFormFactor":"Tablet","publisherVersion":"3.22122.15","minimumRequiredApiVersion":"2.2.0","hasComponent":"false","hasUnlockedComponent":"false","isUnifiedRootApp":"false","sienaVersion":"20221225T193201Z-3.22122.15.0"},"properties":{"appVersion":"2022-12-25T19:32:01Z","lifeCycleId":"Published","createdByClientVersion":{"major":3,"minor":22122,"build":15,"revision":0,"majorRevision":0,"minorRevision":0},"minClientVersion":{"major":3,"minor":22122,"build":15,"revision":0,"majorRevision":0,"minorRevision":0},"backgroundColor":"rgba(255, 255, 255, 1)","backgroundImageUri":"/4737901630991278611/Na42a5c6f-8ea3-4bc9-b99a-106560c61480-logoSmallFile","displayName":"Cracking_Naftas_Reactor_Simulation","description":"Cracking nafta's reactor simulation developed by Manuel Portero Leiva","commitMessage":"","appUris":{"documentUri":{"value":"/4737901630991278611/Nd2f67b1d-4878-4516-bd4b-62ab0acee681-document.msapp"},"imageUris":[],"additionalUris":[]},"createdTime":"0001-01-01T00:00:00Z","lastModifiedTime":"0001-01-01T00:00:00Z","sharedGroupsCount":0,"sharedUsersCount":0,"icons":{"smallIconUri":"/4737901630991278611/N75537ddf-cb3e-44a1-aa28-356f99c384c9-small.png","mediumIconUri":"/4737901630991278611/N1fc98a7a-6f54-4727-a917-0b59016ea516-medium.png","largeIconUri":"/4737901630991278611/N25a5b6fc-28e8-42b3-9077-01faa44fe35e-large.png","wideIconUri":"/4737901630991278611/N5bfd8900-674f-4051-ba14-18e5c93d31aa-wide.png"},"connectionReferences":{},"databaseReferences":{},"almMode":"Environment","performanceOptimizationEnabled":true,"canConsumeAppPass":true,"enableModernRuntimeMode":false,"executionRestrictions":{"isTeamsOnly":false,"dataLossPreventionEvaluationResult":{"status":"Compliant","lastEvaluationDate":"2022-12-25T19:20:21.6812127Z","violations":[],"violationsByPolicy":[],"violationErrorMessage":"La aplicación usa los siguientes conectores: ."}}},"appType":"ClassicCanvasApp","appComponents":[]}}